<?xml version="1.0" encoding="UTF-8" standalone="yes"?>
<addon id="plugin.video.inequalitymedia"
	name="Inequality Media"
	version="1.0.0"
	provider-name="leopheard">
  <requires>
    <import addon="xbmc.python" version="2.14.0"/>
    <import addon="script.module.addon.common" version="2.0.0"/>
    <import addon="plugin.video.youtube" version="5.0.0"/>
  </requires>
  <extension point="xbmc.python.pluginsource" library="default.py">
    <provides>video</provides>
  </extension>
  <extension point="xbmc.addon.metadata">
    <summary lang="en">Inequality Media video addon</summary>
    <description lang="en">Inequality Media is a nonprofit co-founded by former Secretary of Labor Robert Reich and Director Jacob Kornbluth following the success of their documentary film, Inequality For All.  Inequality Media uses the power of storytelling to inform and engage the public about the realities and impacts of inequality and imbalance of power in America.</description>
    <platform>all</platform>
    <forum></forum>
    <source>https://github.com/leopheard/inequalitymedia.git</source>
    <website>https://www.inequalitymedia.org/</website>
    <email>leopheard@gmail.com</email>
    <license>The MIT License (MIT)</license>
	<assets>
			<icon>resources/media/icon.png</icon>
			<fanart>resources/media/fanart.jpg</fanart>
			<screenshot>resources/media/screen1.jpg</screenshot>
			<screenshot>resources/media/screen2.png</screenshot>
			<screenshot>resources/media/icon.png</screenshot>
		</assets>
  </extension>
</addon>
